name,value,label
BPOTBEB1,000,bpost bank
GEBABEBB,001,BNP Paribas Fortis
GEBABEBB,002,BNP Paribas Fortis
GEBABEBB,003,BNP Paribas Fortis
GEBABEBB,004,BNP Paribas Fortis
GEBABEBB,005,BNP Paribas Fortis
GEBABEBB,006,BNP Paribas Fortis
GEBABEBB,007,BNP Paribas Fortis
GEBABEBB,008,BNP Paribas Fortis
GEBABEBB,009,BNP Paribas Fortis
GEBABEBB,010,BNP Paribas Fortis
GEBABEBB,011,BNP Paribas Fortis
GEBABEBB,012,BNP Paribas Fortis
GEBABEBB,013,BNP Paribas Fortis
GEBABEBB,014,BNP Paribas Fortis
GEBABEBB,015,BNP Paribas Fortis
GEBABEBB,016,BNP Paribas Fortis
GEBABEBB,017,BNP Paribas Fortis
GEBABEBB,018,BNP Paribas Fortis
GEBABEBB,019,BNP Paribas Fortis
GEBABEBB,020,BNP Paribas Fortis
GEBABEBB,021,BNP Paribas Fortis
GEBABEBB,022,BNP Paribas Fortis
GEBABEBB,023,BNP Paribas Fortis
GEBABEBB,024,BNP Paribas Fortis
GEBABEBB,025,BNP Paribas Fortis
GEBABEBB,026,BNP Paribas Fortis
GEBABEBB,027,BNP Paribas Fortis
GEBABEBB,028,BNP Paribas Fortis
GEBABEBB,029,BNP Paribas Fortis
GEBABEBB,030,BNP Paribas Fortis
GEBABEBB,031,BNP Paribas Fortis
GEBABEBB,032,BNP Paribas Fortis
GEBABEBB,033,BNP Paribas Fortis
GEBABEBB,034,BNP Paribas Fortis
GEBABEBB,035,BNP Paribas Fortis
GEBABEBB,036,BNP Paribas Fortis
GEBABEBB,037,BNP Paribas Fortis
GEBABEBB,038,BNP Paribas Fortis
GEBABEBB,039,BNP Paribas Fortis
GEBABEBB,040,BNP Paribas Fortis
GEBABEBB,041,BNP Paribas Fortis
GEBABEBB,042,BNP Paribas Fortis
GEBABEBB,043,BNP Paribas Fortis
GEBABEBB,044,BNP Paribas Fortis
GEBABEBB,045,BNP Paribas Fortis
GEBABEBB,046,BNP Paribas Fortis
GEBABEBB,047,BNP Paribas Fortis
GEBABEBB,048,BNP Paribas Fortis
GEBABEBB,049,BNP Paribas Fortis
GKCCBEBB,050,BELFIUS BANK
GKCCBEBB,051,BELFIUS BANK
GKCCBEBB,052,BELFIUS BANK
GKCCBEBB,053,BELFIUS BANK
GKCCBEBB,054,BELFIUS BANK
GKCCBEBB,055,BELFIUS BANK
GKCCBEBB,056,BELFIUS BANK
GKCCBEBB,057,BELFIUS BANK
GKCCBEBB,058,BELFIUS BANK
GKCCBEBB,059,BELFIUS BANK
GKCCBEBB,060,BELFIUS BANK
GKCCBEBB,061,BELFIUS BANK
GKCCBEBB,062,BELFIUS BANK
GKCCBEBB,063,BELFIUS BANK
GKCCBEBB,064,BELFIUS BANK
GKCCBEBB,065,BELFIUS BANK
GKCCBEBB,066,BELFIUS BANK
GKCCBEBB,067,BELFIUS BANK
GKCCBEBB,068,BELFIUS BANK
GKCCBEBB,069,BELFIUS BANK
GKCCBEBB,070,BELFIUS BANK
GKCCBEBB,071,BELFIUS BANK
GKCCBEBB,072,BELFIUS BANK
GKCCBEBB,073,BELFIUS BANK
GKCCBEBB,074,BELFIUS BANK
GKCCBEBB,075,BELFIUS BANK
GKCCBEBB,076,BELFIUS BANK
GKCCBEBB,077,BELFIUS BANK
GKCCBEBB,078,BELFIUS BANK
GKCCBEBB,079,BELFIUS BANK
GKCCBEBB,080,BELFIUS BANK
GKCCBEBB,081,BELFIUS BANK
GKCCBEBB,082,BELFIUS BANK
GKCCBEBB,083,BELFIUS BANK
GKCCBEBB,084,BELFIUS BANK
GKCCBEBB,085,BELFIUS BANK
GKCCBEBB,086,BELFIUS BANK
GKCCBEBB,087,BELFIUS BANK
GKCCBEBB,088,BELFIUS BANK
GKCCBEBB,089,BELFIUS BANK
GKCCBEBB,090,BELFIUS BANK
GKCCBEBB,091,BELFIUS BANK
GKCCBEBB,092,BELFIUS BANK
GKCCBEBB,093,BELFIUS BANK
GKCCBEBB,094,BELFIUS BANK
GKCCBEBB,095,BELFIUS BANK
GKCCBEBB,096,BELFIUS BANK
GKCCBEBB,097,BELFIUS BANK
GKCCBEBB,098,BELFIUS BANK
GKCCBEBB,099,BELFIUS BANK
NBBEBEBB,100,Nationale Bank van België
NBBEBEBB,101,Nationale Bank van België
NICABEBB,103,Crelan
NICABEBB,104,Crelan
NICABEBB,105,Crelan
NICABEBB,106,Crelan
NICABEBB,107,Crelan
NICABEBB,108,Crelan
CTBKBEBX,109,Beobank
CTBKBEBX,110,Beobank
ABERBE22,111,ABK Bank
CTBKBEBX,113,Beobank
CTBKBEBX,114,Beobank
CTBKBEBX,119,Beobank
CTBKBEBX,120,Beobank
CTBKBEBX,121,Beobank
CTBKBEBX,122,Beobank
CTBKBEBX,123,Beobank
CTBKBEBX,124,Beobank
CPHBBE75,125,Banque CPH
CPHBBE75,126,Banque CPH
CTBKBEBX,127,Beobank
CTBKBEBX,129,Beobank
CTBKBEBX,131,Beobank
BNAGBEBB,132,Bank Nagelmackers
CTBKBEBX,133,Beobank
CTBKBEBX,134,Beobank
GEBABEBB,137,BNP Paribas Fortis
GEBABEBB,140,BNP Paribas Fortis
GEBABEBB,141,BNP Paribas Fortis
GEBABEBB,142,BNP Paribas Fortis
GEBABEBB,143,BNP Paribas Fortis
GEBABEBB,144,BNP Paribas Fortis
GEBABEBB,145,BNP Paribas Fortis
GEBABEBB,146,BNP Paribas Fortis
GEBABEBB,147,BNP Paribas Fortis
GEBABEBB,148,BNP Paribas Fortis
GEBABEBB,149,BNP Paribas Fortis
BCMCBEBB,150,Bancontact - Mister Cash NV/SA
CPHBBE75,171,Banque CPH
RABOBE23,172,Coöperatieve Rabobank U.A.
RABOBE23,173,Coöperatieve Rabobank U.A.
BSCHBEBR,176,Banco Santander
BSCHBEBR,177,Banco Santander
COBABEBX,178,Commerzbank
COBABEBX,179,Commerzbank
BARBBEBB,183,Bank of Baroda
HBKABE22,185,Record Bank
SMBCBEBB,189,Sumitomo Mitsui Banking Corporation (SMBC)
CREGBEBB,190,CBC Banque et Assurances
CREGBEBB,191,CBC Banque et Assurances
CREGBEBB,192,CBC Banque et Assurances
CREGBEBB,193,CBC Banque et Assurances
CREGBEBB,194,CBC Banque et Assurances
CREGBEBB,195,CBC Banque et Assurances
CREGBEBB,196,CBC Banque et Assurances
CREGBEBB,197,CBC Banque et Assurances
CREGBEBB,198,CBC Banque et Assurances
CREGBEBB,199,CBC Banque et Assurances
GEBABEBB,200,BNP Paribas Fortis
GEBABEBB,201,BNP Paribas Fortis
GEBABEBB,202,BNP Paribas Fortis
GEBABEBB,203,BNP Paribas Fortis
GEBABEBB,204,BNP Paribas Fortis
GEBABEBB,205,BNP Paribas Fortis
GEBABEBB,206,BNP Paribas Fortis
GEBABEBB,207,BNP Paribas Fortis
GEBABEBB,208,BNP Paribas Fortis
GEBABEBB,209,BNP Paribas Fortis
GEBABEBB,210,BNP Paribas Fortis
GEBABEBB,211,BNP Paribas Fortis
GEBABEBB,212,BNP Paribas Fortis
GEBABEBB,213,BNP Paribas Fortis
GEBABEBB,214,BNP Paribas Fortis
GEBABEBB,220,BNP Paribas Fortis
GEBABEBB,221,BNP Paribas Fortis
GEBABEBB,222,BNP Paribas Fortis
GEBABEBB,223,BNP Paribas Fortis
GEBABEBB,224,BNP Paribas Fortis
GEBABEBB,225,BNP Paribas Fortis
GEBABEBB,226,BNP Paribas Fortis
GEBABEBB,227,BNP Paribas Fortis
GEBABEBB,228,BNP Paribas Fortis
GEBABEBB,229,BNP Paribas Fortis
GEBABEBB,230,BNP Paribas Fortis
GEBABEBB,231,BNP Paribas Fortis
GEBABEBB,232,BNP Paribas Fortis
GEBABEBB,233,BNP Paribas Fortis
GEBABEBB,234,BNP Paribas Fortis
GEBABEBB,235,BNP Paribas Fortis
GEBABEBB,236,BNP Paribas Fortis
GEBABEBB,237,BNP Paribas Fortis
GEBABEBB,238,BNP Paribas Fortis
GEBABEBB,239,BNP Paribas Fortis
GEBABEBB,240,BNP Paribas Fortis
GEBABEBB,241,BNP Paribas Fortis
GEBABEBB,242,BNP Paribas Fortis
GEBABEBB,243,BNP Paribas Fortis
GEBABEBB,244,BNP Paribas Fortis
GEBABEBB,245,BNP Paribas Fortis
GEBABEBB,246,BNP Paribas Fortis
GEBABEBB,247,BNP Paribas Fortis
GEBABEBB,248,BNP Paribas Fortis
GEBABEBB,249,BNP Paribas Fortis
GEBABEBB,250,BNP Paribas Fortis
GEBABEBB,251,BNP Paribas Fortis
GEBABEBB,252,BNP Paribas Fortis
GEBABEBB,253,BNP Paribas Fortis
GEBABEBB,254,BNP Paribas Fortis
GEBABEBB,255,BNP Paribas Fortis
GEBABEBB,256,BNP Paribas Fortis
GEBABEBB,257,BNP Paribas Fortis
GEBABEBB,258,BNP Paribas Fortis
GEBABEBB,259,BNP Paribas Fortis
GEBABEBB,260,BNP Paribas Fortis
GEBABEBB,261,BNP Paribas Fortis
GEBABEBB,262,BNP Paribas Fortis
GEBABEBB,263,BNP Paribas Fortis
GEBABEBB,264,BNP Paribas Fortis
GEBABEBB,265,BNP Paribas Fortis
GEBABEBB,266,BNP Paribas Fortis
GEBABEBB,267,BNP Paribas Fortis
GEBABEBB,268,BNP Paribas Fortis
GEBABEBB,269,BNP Paribas Fortis
GEBABEBB,270,BNP Paribas Fortis
GEBABEBB,271,BNP Paribas Fortis
GEBABEBB,272,BNP Paribas Fortis
GEBABEBB,273,BNP Paribas Fortis
GEBABEBB,274,BNP Paribas Fortis
GEBABEBB,275,BNP Paribas Fortis
GEBABEBB,276,BNP Paribas Fortis
GEBABEBB,277,BNP Paribas Fortis
GEBABEBB,278,BNP Paribas Fortis
GEBABEBB,279,BNP Paribas Fortis
GEBABEBB,280,BNP Paribas Fortis
GEBABEBB,281,BNP Paribas Fortis
GEBABEBB,282,BNP Paribas Fortis
GEBABEBB,283,BNP Paribas Fortis
GEBABEBB,284,BNP Paribas Fortis
GEBABEBB,285,BNP Paribas Fortis
GEBABEBB,286,BNP Paribas Fortis
GEBABEBB,287,BNP Paribas Fortis
GEBABEBB,288,BNP Paribas Fortis
GEBABEBB,289,BNP Paribas Fortis
GEBABEBB,290,BNP Paribas Fortis
GEBABEBB,291,BNP Paribas Fortis
GEBABEBB,292,BNP Paribas Fortis
GEBABEBB,293,BNP Paribas Fortis
GEBABEBB,294,BNP Paribas Fortis
GEBABEBB,295,BNP Paribas Fortis
GEBABEBB,296,BNP Paribas Fortis
GEBABEBB,297,BNP Paribas Fortis
GEBABEBB,298,BNP Paribas Fortis
BPOTBEB1,299,bpost bank
BBRUBEBB,300,ING België
BBRUBEBB,301,ING België
BBRUBEBB,302,ING België
BBRUBEBB,303,ING België
BBRUBEBB,304,ING België
BBRUBEBB,305,ING België
BBRUBEBB,306,ING België
BBRUBEBB,307,ING België
BBRUBEBB,308,ING België
BBRUBEBB,309,ING België
BBRUBEBB,310,ING België
BBRUBEBB,311,ING België
BBRUBEBB,312,ING België
BBRUBEBB,313,ING België
BBRUBEBB,314,ING België
BBRUBEBB,315,ING België
BBRUBEBB,316,ING België
BBRUBEBB,317,ING België
BBRUBEBB,318,ING België
BBRUBEBB,319,ING België
BBRUBEBB,320,ING België
BBRUBEBB,321,ING België
BBRUBEBB,322,ING België
BBRUBEBB,323,ING België
BBRUBEBB,324,ING België
BBRUBEBB,325,ING België
BBRUBEBB,326,ING België
BBRUBEBB,327,ING België
BBRUBEBB,328,ING België
BBRUBEBB,329,ING België
BBRUBEBB,330,ING België
BBRUBEBB,331,ING België
BBRUBEBB,332,ING België
BBRUBEBB,333,ING België
BBRUBEBB,334,ING België
BBRUBEBB,335,ING België
BBRUBEBB,336,ING België
BBRUBEBB,337,ING België
BBRUBEBB,338,ING België
BBRUBEBB,339,ING België
BBRUBEBB,340,ING België
BBRUBEBB,341,ING België
BBRUBEBB,342,ING België
BBRUBEBB,343,ING België
BBRUBEBB,344,ING België
BBRUBEBB,345,ING België
BBRUBEBB,346,ING België
BBRUBEBB,347,ING België
BBRUBEBB,348,ING België
BBRUBEBB,349,ING België
BBRUBEBB,350,ING België
BBRUBEBB,351,ING België
BBRUBEBB,352,ING België
BBRUBEBB,353,ING België
BBRUBEBB,354,ING België
BBRUBEBB,355,ING België
BBRUBEBB,356,ING België
BBRUBEBB,357,ING België
BBRUBEBB,358,ING België
BBRUBEBB,359,ING België
BBRUBEBB,360,ING België
BBRUBEBB,361,ING België
BBRUBEBB,362,ING België
BBRUBEBB,363,ING België
BBRUBEBB,364,ING België
BBRUBEBB,365,ING België
BBRUBEBB,366,ING België
BBRUBEBB,367,ING België
BBRUBEBB,368,ING België
BBRUBEBB,369,ING België
BBRUBEBB,370,ING België
BBRUBEBB,371,ING België
BBRUBEBB,372,ING België
BBRUBEBB,373,ING België
BBRUBEBB,374,ING België
BBRUBEBB,375,ING België
BBRUBEBB,376,ING België
BBRUBEBB,377,ING België
BBRUBEBB,378,ING België
BBRUBEBB,379,ING België
BBRUBEBB,380,ING België
BBRUBEBB,381,ING België
BBRUBEBB,382,ING België
BBRUBEBB,383,ING België
BBRUBEBB,384,ING België
BBRUBEBB,385,ING België
BBRUBEBB,386,ING België
BBRUBEBB,387,ING België
BBRUBEBB,388,ING België
BBRUBEBB,389,ING België
BBRUBEBB,390,ING België
BBRUBEBB,391,ING België
BBRUBEBB,392,ING België
BBRUBEBB,393,ING België
BBRUBEBB,394,ING België
BBRUBEBB,395,ING België
BBRUBEBB,396,ING België
BBRUBEBB,397,ING België
BBRUBEBB,398,ING België
BBRUBEBB,399,ING België
KREDBEBB,400,KBC Bank
KREDBEBB,401,KBC Bank
KREDBEBB,402,KBC Bank
KREDBEBB,403,KBC Bank
KREDBEBB,404,KBC Bank
KREDBEBB,405,KBC Bank
KREDBEBB,406,KBC Bank
KREDBEBB,407,KBC Bank
KREDBEBB,408,KBC Bank
KREDBEBB,409,KBC Bank
KREDBEBB,410,KBC Bank
KREDBEBB,411,KBC Bank
KREDBEBB,412,KBC Bank
KREDBEBB,413,KBC Bank
KREDBEBB,414,KBC Bank
KREDBEBB,415,KBC Bank
KREDBEBB,416,KBC Bank
KREDBEBB,417,KBC Bank
KREDBEBB,418,KBC Bank
KREDBEBB,419,KBC Bank
KREDBEBB,420,KBC Bank
KREDBEBB,421,KBC Bank
KREDBEBB,422,KBC Bank
KREDBEBB,423,KBC Bank
KREDBEBB,424,KBC Bank
KREDBEBB,425,KBC Bank
KREDBEBB,426,KBC Bank
KREDBEBB,427,KBC Bank
KREDBEBB,428,KBC Bank
KREDBEBB,429,KBC Bank
KREDBEBB,430,KBC Bank
KREDBEBB,431,KBC Bank
KREDBEBB,432,KBC Bank
KREDBEBB,433,KBC Bank
KREDBEBB,434,KBC Bank
KREDBEBB,435,KBC Bank
KREDBEBB,436,KBC Bank
KREDBEBB,437,KBC Bank
KREDBEBB,438,KBC Bank
KREDBEBB,439,KBC Bank
KREDBEBB,440,KBC Bank
KREDBEBB,441,KBC Bank
KREDBEBB,442,KBC Bank
KREDBEBB,443,KBC Bank
KREDBEBB,444,KBC Bank
KREDBEBB,445,KBC Bank
KREDBEBB,446,KBC Bank
KREDBEBB,447,KBC Bank
KREDBEBB,448,KBC Bank
KREDBEBB,449,KBC Bank
KREDBEBB,450,KBC Bank
KREDBEBB,451,KBC Bank
KREDBEBB,452,KBC Bank
KREDBEBB,453,KBC Bank
KREDBEBB,454,KBC Bank
KREDBEBB,455,KBC Bank
KREDBEBB,456,KBC Bank
KREDBEBB,457,KBC Bank
KREDBEBB,458,KBC Bank
KREDBEBB,459,KBC Bank
KREDBEBB,460,KBC Bank
KREDBEBB,461,KBC Bank
KREDBEBB,462,KBC Bank
KREDBEBB,463,KBC Bank
KREDBEBB,464,KBC Bank
KREDBEBB,465,KBC Bank
KREDBEBB,466,KBC Bank
KREDBEBB,467,KBC Bank
KREDBEBB,468,KBC Bank
KREDBEBB,469,KBC Bank
KREDBEBB,470,KBC Bank
KREDBEBB,471,KBC Bank
KREDBEBB,472,KBC Bank
KREDBEBB,473,KBC Bank
KREDBEBB,474,KBC Bank
KREDBEBB,475,KBC Bank
KREDBEBB,476,KBC Bank
KREDBEBB,477,KBC Bank
KREDBEBB,478,KBC Bank
KREDBEBB,479,KBC Bank
KREDBEBB,480,KBC Bank
KREDBEBB,481,KBC Bank
KREDBEBB,482,KBC Bank
KREDBEBB,483,KBC Bank
KREDBEBB,484,KBC Bank
KREDBEBB,485,KBC Bank
KREDBEBB,486,KBC Bank
KREDBEBB,487,KBC Bank
KREDBEBB,488,KBC Bank
KREDBEBB,489,KBC Bank
KREDBEBB,490,KBC Bank
KREDBEBB,491,KBC Bank
KREDBEBB,492,KBC Bank
KREDBEBB,493,KBC Bank
KREDBEBB,494,KBC Bank
KREDBEBB,495,KBC Bank
KREDBEBB,496,KBC Bank
KREDBEBB,497,KBC Bank
KREDBEBB,498,KBC Bank
KREDBEBB,499,KBC Bank
DHBNBEBB,501,Demir-Halk Bank (Nederland) (DHB)
DIERBE21,507,Dierickx
PARBBEBZ,508,BNP Paribas Securities Services
ABNABE2A,509,ABN AMRO Bank N.V.
VAPEBE21,510,van de Put & Co Effectenbank
DNIBBE21,512,NIBC BANK
SGPBBE99,513,Société Générale Private Banking
PUILBEBB,514,Puilaetco Dewaay Private Bankers
IRVTBEBB,515,The Bank of New York Mellon NV/SA
FORDBE21,517,FCE Bank
BNYMBEBB,519,The Bank of New York Mellon
FVLBBE22,521,F. van Lanschot Bankiers
UTWBBEBB,522,United Taiwan Bank
TRIOBEBB,523,Triodos Bank
WAFABEBB,524,Attijariwafa bank Europe
FVLBBE2E,525,F. van Lanschot Bankiers
SHIZBEBB,530,Shizuoka Bank (Europe)
FBHLBE22,535,CREDIT EUROPE BANK NV
UBINBE22,540,Union Bank of India
BKIDBE22,541,BANK OF INDIA
WAFABEBB,546,Attijariwafa bank Europe
LOCYBEBB,548,Lombard Odier (Europe)
CHASBEBX,549,JP Morgan Chase Bank
GKCCBEBB,550,BELFIUS BANK
GKCCBEBB,551,BELFIUS BANK
GKCCBEBB,552,BELFIUS BANK
GKCCBEBB,553,BELFIUS BANK
GKCCBEBB,554,BELFIUS BANK
GKCCBEBB,555,BELFIUS BANK
GKCCBEBB,556,BELFIUS BANK
GKCCBEBB,557,BELFIUS BANK
GKCCBEBB,558,BELFIUS BANK
GKCCBEBB,559,BELFIUS BANK
GKCCBEBB,560,BELFIUS BANK
FTNOBEB1,561,FORTUNEO BELGIUM
GKCCBEBB,562,BELFIUS BANK
GKCCBEBB,563,BELFIUS BANK
GKCCBEBB,564,BELFIUS BANK
GKCCBEBB,565,BELFIUS BANK
GKCCBEBB,566,BELFIUS BANK
GKCCBEBB,567,BELFIUS BANK
GKCCBEBB,568,BELFIUS BANK
GKCCBEBB,569,BELFIUS BANK
CITIBEBX,570,Citibank Europe Plc - Belgium Branch
CITIBEBX,571,Citibank Europe Plc - Belgium Branch
CITIBEBX,572,Citibank Europe Plc - Belgium Branch
CITIBEBX,573,Citibank Europe Plc - Belgium Branch
CITIBEBX,574,Citibank Europe Plc - Belgium Branch
CITIBEBX,575,Citibank Europe Plc - Belgium Branch
CITIBEBX,576,Citibank Europe Plc - Belgium Branch
CITIBEBX,577,Citibank Europe Plc - Belgium Branch
CITIBEBX,578,Citibank Europe Plc - Belgium Branch
CITIBEBX,579,Citibank Europe Plc - Belgium Branch
MHCBBEBB,581,Mizuho Bank Nederland N.V. Brussels Branch
DEGRBEBB,583,Banque Degroof Luxembourg
ICIC GB 2L,584,ICICI Bank UK Limited
RCBPBEBB,585,Rothschild & Cie Banque GCV
CFFRBEB1,586,Crédit Foncier de France
BIBLBE21,587,BinckBank
CMCIBEB1,588,Banque Transatlantique Belgium
BSCHBEBB,590,Santander Benelux
BSCHBEBB,591,Santander Benelux
BSCHBEBB,592,Santander Benelux
BSCHBEBB,593,Santander Benelux
BSCHBEBB,594,Santander Benelux
CTBKBEBX,595,Beobank
CTBKBEBX,596,Beobank
CTBKBEBX,597,Beobank
CTBKBEBX,598,Beobank
CTBKBEBX,599,Beobank
CTBKBEBX,600,Beobank
CTBKBEBX,601,Beobank
BKCHBEBB,605,Bank of China (Luxembourg) S.A.
ICBKBEBB,607,Industrial and Commercial Bank of China (Europe)
DEUTBEBE,610,Deutsche Bank AG
DEUTBEBE,611,Deutsche Bank AG
DEUTBEBE,612,Deutsche Bank AG
DEUTBEBE,613,Deutsche Bank AG
BBRUBEBB,615,ING België
BBRUBEBB,616,ING België
BBRUBEBB,617,ING België
BBRUBEBB,618,ING België
BBRUBEBB,619,ING België
BBRUBEBB,620,ING België
BBRUBEBB,621,ING België
BBRUBEBB,622,ING België
GKCCBEBB,624,BELFIUS BANK
GKCCBEBB,625,BELFIUS BANK
BBRUBEBB,630,ING België
BBRUBEBB,631,ING België
BNAGBEBB,634,Bank Nagelmackers
BNAGBEBB,635,Bank Nagelmackers
BNAGBEBB,636,Bank Nagelmackers
GKCCBEBB,638,BELFIUS BANK
ABNABE2A,639,ABN AMRO Bank N.V.
ADIABE22,640,KBC Bank N.V. Business Center Diamant
BBVABEBB,642,Banco Bilbao Vizcaya Argentaria
BMPBBEBB,643,Banca Monte Paschi Belgio
JVBABE22,645,Bank J. Van Breda & C°
BNAGBEBB,646,Bank Nagelmackers
BNAGBEBB,647,Bank Nagelmackers
KEYTBEBB,651,Keytrade Bank
HBKABE22,652,Record Bank
ETHIBEBB,656,OPTIMA BANK
GKCCBEBB,657,BELFIUS BANK
HABBBEBB,658,Habib Bank
BMEUBEB1,663,BMCE Euro Services
BCDMBEBB,664,Banque Chaabi du Maroc
SPAABE22,665,Crelan
SBINBE2X,668,State Bank of India
EURBBE99,671,Europabank
GKCCBEBB,672,BELFIUS BANK
HBKABE22,673,Record Bank
ABNABE2A,674,ABN AMRO Bank N.V.
BYBBBEBB,675,Byblos Bank Europe
DEGRBEBB,676,Bank Degroof Petercam
CBPXBE99,677,Compagnie de Banque Privée Quilvest
DELEBE22,678,Delen Private Bank
PCHQBEBB,679,bpost
GKCCBEBB,680,BELFIUS BANK
GKCCBEBB,682,BELFIUS BANK
GKCCBEBB,683,BELFIUS BANK
BOFABE3X,685,Bank of Amerika Merrill Lynch International Ltd
BOFABE3X,686,Bank of Amerika Merrill Lynch International Ltd
MGTCBEBE,687,Euroclear Bank
SGABBEB2,688,Société Générale (Paris)
BNPABEBB,690,BNP Paribas
BOTKBEBX,693,MUFG Bank (Europe)
DEUTBEBE,694,Deutsche Bank AG
CRLYBEBB,696,Crédit Agricole Corporate & Investment Bank
NATXBEB1,698,Natixis Bank
AXABBE22,700,AXA Bank Europe
AXABBE22,701,AXA Bank Europe
AXABBE22,702,AXA Bank Europe
AXABBE22,703,AXA Bank Europe
AXABBE22,704,AXA Bank Europe
AXABBE22,705,AXA Bank Europe
AXABBE22,706,AXA Bank Europe
AXABBE22,707,AXA Bank Europe
AXABBE22,708,AXA Bank Europe
AXABBE22,709,AXA Bank Europe
ABNABE2A,719,ABN AMRO Bank N.V.
ABNABEBR,720,The Royal Bank of Scotland Plc
ABNABEBR,721,The Royal Bank of Scotland Plc
ABNABE2A,722,ABN AMRO Bank N.V.
ABNABEBR,723,The Royal Bank of Scotland Plc
ABNABEBR,724,The Royal Bank of Scotland Plc
KREDBEBB,725,KBC Bank
KREDBEBB,726,KBC Bank
KREDBEBB,727,KBC Bank
CREGBEBB,728,CBC Banque et Assurances
CREGBEBB,729,CBC Banque et Assurances
KREDBEBB,730,KBC Bank
KREDBEBB,731,KBC Bank
CREGBEBB,732,CBC Banque et Assurances
KREDBEBB,733,KBC Bank
KREDBEBB,734,KBC Bank
KREDBEBB,735,KBC Bank
KREDBEBB,736,KBC Bank
KREDBEBB,737,KBC Bank
KREDBEBB,738,KBC Bank
KREDBEBB,739,KBC Bank
KREDBEBB,740,KBC Bank
KREDBEBB,741,KBC Bank
CREGBEBB,742,CBC Banque et Assurances
KREDBEBB,743,KBC Bank
KREDBEBB,744,KBC Bank
KREDBEBB,745,KBC Bank
KREDBEBB,746,KBC Bank
KREDBEBB,747,KBC Bank
KREDBEBB,748,KBC Bank
KREDBEBB,749,KBC Bank
AXABBE22,750,AXA Bank Europe
AXABBE22,751,AXA Bank Europe
AXABBE22,752,AXA Bank Europe
AXABBE22,753,AXA Bank Europe
AXABBE22,754,AXA Bank Europe
AXABBE22,755,AXA Bank Europe
AXABBE22,756,AXA Bank Europe
AXABBE22,757,AXA Bank Europe
AXABBE22,758,AXA Bank Europe
AXABBE22,759,AXA Bank Europe
AXABBE22,760,AXA Bank Europe
AXABBE22,761,AXA Bank Europe
AXABBE22,762,AXA Bank Europe
AXABBE22,763,AXA Bank Europe
AXABBE22,764,AXA Bank Europe
AXABBE22,765,AXA Bank Europe
AXABBE22,766,AXA Bank Europe
AXABBE22,767,AXA Bank Europe
AXABBE22,768,AXA Bank Europe
AXABBE22,769,AXA Bank Europe
AXABBE22,770,AXA Bank Europe
AXABBE22,771,AXA Bank Europe
AXABBE22,772,AXA Bank Europe
AXABBE22,773,AXA Bank Europe
AXABBE22,774,AXA Bank Europe
GKCCBEBB,775,BELFIUS BANK
GKCCBEBB,776,BELFIUS BANK
GKCCBEBB,777,BELFIUS BANK
GKCCBEBB,778,BELFIUS BANK
GKCCBEBB,779,BELFIUS BANK
GKCCBEBB,780,BELFIUS BANK
GKCCBEBB,781,BELFIUS BANK
GKCCBEBB,782,BELFIUS BANK
GKCCBEBB,783,BELFIUS BANK
GKCCBEBB,784,BELFIUS BANK
GKCCBEBB,785,BELFIUS BANK
GKCCBEBB,786,BELFIUS BANK
GKCCBEBB,787,BELFIUS BANK
GKCCBEBB,788,BELFIUS BANK
GKCCBEBB,789,BELFIUS BANK
GKCCBEBB,790,BELFIUS BANK
GKCCBEBB,791,BELFIUS BANK
GKCCBEBB,792,BELFIUS BANK
GKCCBEBB,793,BELFIUS BANK
GKCCBEBB,794,BELFIUS BANK
GKCCBEBB,795,BELFIUS BANK
GKCCBEBB,796,BELFIUS BANK
GKCCBEBB,797,BELFIUS BANK
GKCCBEBB,798,BELFIUS BANK
GKCCBEBB,799,BELFIUS BANK
AXABBE22,800,AXA Bank Europe
AXABBE22,801,AXA Bank Europe
AXABBE22,802,AXA Bank Europe
AXABBE22,803,AXA Bank Europe
AXABBE22,804,AXA Bank Europe
AXABBE22,805,AXA Bank Europe
AXABBE22,806,AXA Bank Europe
AXABBE22,807,AXA Bank Europe
AXABBE22,808,AXA Bank Europe
AXABBE22,809,AXA Bank Europe
AXABBE22,810,AXA Bank Europe
AXABBE22,811,AXA Bank Europe
AXABBE22,812,AXA Bank Europe
AXABBE22,813,AXA Bank Europe
AXABBE22,814,AXA Bank Europe
AXABBE22,815,AXA Bank Europe
AXABBE22,816,AXA Bank Europe
ISAEBEBB,817,CACEIS Bank Luxembourg
BLUXBE41,823,Banque de Luxembourg
DEUTBEBE,825,Deutsche Bank AG
DEUTBEBE,826,Deutsche Bank AG
ETHIBEBB,827,OPTIMA BANK
HBKABE22,828,Record Bank
GKCCBEBB,830,BELFIUS BANK
GKCCBEBB,831,BELFIUS BANK
GKCCBEBB,832,BELFIUS BANK
GKCCBEBB,833,BELFIUS BANK
GKCCBEBB,834,BELFIUS BANK
GKCCBEBB,835,BELFIUS BANK
GKCCBEBB,836,BELFIUS BANK
GKCCBEBB,837,BELFIUS BANK
GKCCBEBB,838,BELFIUS BANK
GKCCBEBB,839,BELFIUS BANK
PRIBBEBB,840,Edmond de Rothschild (Europe)
FTNOBEB1,843,FORTUNEO BELGIUM
RABOBE22,844,Rabobank.be
DEGRBEBB,845,Bank Degroof Petercam
SPAABE22,850,Crelan
SPAABE22,851,Crelan
SPAABE22,852,Crelan
SPAABE22,853,Crelan
PSABBEB1,858,PSA Finance
SPAABE22,859,Crelan
SPAABE22,860,Crelan
SPAABE22,861,Crelan
SPAABE22,862,Crelan
SPAABE22,863,Crelan
SPAABE22,865,Crelan
SPAABE22,866,Crelan
KREDBEBB,868,KBC Bank
BNAGBEBB,870,Bank Nagelmackers
BNAGBEBB,871,Bank Nagelmackers
BNAGBEBB,872,Bank Nagelmackers
PCHQBEBB,873,bpost
BNAGBEBB,874,Bank Nagelmackers
MBWMBEBB,876,MeDirect Bank S.A.
BNAGBEBB,877,Bank Nagelmackers
BNAGBEBB,878,Bank Nagelmackers
BNAGBEBB,879,Bank Nagelmackers
HBKABE22,880,Record Bank
HBKABE22,881,Record Bank
HBKABE22,882,Record Bank
HBKABE22,883,Record Bank
HBKABE22,884,Record Bank
HBKABE22,885,Record Bank
HBKABE22,886,Record Bank
HBKABE22,887,Record Bank
HBKABE22,888,Record Bank
HBKABE22,889,Record Bank
VDSPBE91,890,Volksdepositokas Spaarbank (VDK Spaarbank)
VDSPBE91,891,Volksdepositokas Spaarbank (VDK Spaarbank)
VDSPBE91,892,Volksdepositokas Spaarbank (VDK Spaarbank)
VDSPBE91,893,Volksdepositokas Spaarbank (VDK Spaarbank)
VDSPBE91,894,Volksdepositokas Spaarbank (VDK Spaarbank)
VDSPBE91,895,Volksdepositokas Spaarbank (VDK Spaarbank)
VDSPBE91,896,Volksdepositokas Spaarbank (VDK Spaarbank)
VDSPBE91,897,Volksdepositokas Spaarbank (VDK Spaarbank)
VDSPBE91,898,Volksdepositokas Spaarbank (VDK Spaarbank)
VDSPBE91,899,Volksdepositokas Spaarbank (VDK Spaarbank)
CEKVBE81,906,Centrale Kredietverlening (C.K.V.)
SPAABE22,907,Crelan
CEKVBE81,908,Centrale Kredietverlening (C.K.V.)
FTNOBEB1,909,FORTUNEO BELGIUM
HBKABE22,910,Record Bank
TUNZBEB1,911,Ingenico Financial Solutions
EPBFBEBB,913,EPBF
FXBBBEBB,914,FX4BIZ
GOCFBEB1,916,GOLD COMMODITIES FOREX (G.C.F.)
HBKABE22,920,Record Bank
HBKABE22,921,Record Bank
HBKABE22,922,Record Bank
HBKABE22,923,Record Bank
HBKABE22,925,Record Bank
HBKABE22,929,Record Bank
HBKABE22,930,Record Bank
HBKABE22,931,Record Bank
HBKABE22,932,Record Bank
HBKABE22,933,Record Bank
HBKABE22,934,Record Bank
HBKABE22,935,Record Bank
HBKABE22,936,Record Bank
HBKABE22,937,Record Bank
HBKABE22,938,Record Bank
HBKABE22,939,Record Bank
CLIQBEB1,940,Banque Centrale de Compensation (Clearnet)
CVMCBEBB,941,C A Indosuez Wealth (Europe)
PUILBEBB,942,Puilaetco Dewaay Private Bankers
JPMGBEBB,945,J.P. Morgan International Bank Limited
AARBBEB1,947,Aareal Bank - Brussels Branch
HSBCBEBB,949,HSBC Bank
CTBKBEBX,950,Beobank
CTBKBEBX,951,Beobank
CTBKBEBX,952,Beobank
CTBKBEBX,953,Beobank
CTBKBEBX,954,Beobank
CTBKBEBX,955,Beobank
CTBKBEBX,956,Beobank
CTBKBEBX,957,Beobank
CTBKBEBX,958,Beobank
CTBKBEBX,959,Beobank
ABNABE2A,960,ABN AMRO Bank N.V.
HBKABE22,961,Record Bank
ETHIBEBB,962,OPTIMA BANK
AXABBE22,963,AXA Bank Europe
ETHIBEBB,965,OPTIMA BANK
ENIBBEBB,968,Banque Eni
PUILBEBB,969,Puilaetco Dewaay Private Bankers
HBKABE22,970,Record Bank
HBKABE22,971,Record Bank
ARSPBE22,973,Argenta Spaarbank (ASPA)
AXABBE22,975,AXA Bank Europe
HBKABE22,976,Record Bank
ARSPBE22,978,Argenta Spaarbank (ASPA)
ARSPBE22,979,Argenta Spaarbank (ASPA)
ARSPBE22,980,Argenta Spaarbank (ASPA)
PCHQBEBB,981,bpost
PCHQBEBB,982,bpost
PCHQBEBB,983,bpost
PCHQBEBB,984,bpost
BPOTBEB1,985,bpost bank
BPOTBEB1,986,bpost bank
BPOTBEB1,987,bpost bank
BPOTBEB1,988,bpost bank
